עיר,שם,נוסח,כתובת
אביבים,בני איילו,עדות המזרח,גני  שמש 5
אבן יהודה,בית מנחם-חב´´ד,"חב""ד",המיסדים  41
אבן יהודה,המרכזי,ספרד,המייסדים 68
אבן יהודה,ותיקים,אחיד,המעפילים  12
אבן יהודה,נווה צדק,תימן שאמי,הנביאים 3 1
אבן יהודה,שערי צדק,תימן,מרבד הקסמים  31
אבן יהודה,תפארת ישראל,תימן,הבנים 69
אדם,אהבת אדם,עדות המזרח,שדרות אדם 61
אונו קרית אונו,אליהו הנביא,יוצאי לוב (טריפוליטאים),לוס אנגלס 4
אונו קרית אונו,בית הכנסת המרכזי,ספרד,וינגייט 22
אונו קרית אונו,"יד הרמב""ם",תימן בלדי,לוס אנג´לס 28
אונו קרית אונו,צעירי ישראל,אשכנז,שלמה המלך 28
אונו קרית אונו,שיבת ציון,תימן בלדי,רח´ שיבת ציון 6
אופקים,אוהל אברהם ושרה,עדות המזרח,גיבורי ישראל 1008
אופקים,התימנים,תימן,"צה""ל 3"
אופקים,חבד,"חב""ד",מישור הגפן התמר  2
אופקים,מבצע שלמה,עדות המזרח,הכרמים 45
אופקים,"ע""ש הרי""ף",,יגאל אלון 9
אור יהודה,"""משכן שמעיה""",עדות המזרח,ברחוב יוסף קארו 3
אור יהודה,אהבת חיים,ירושלמי,ז´ בוטיסקי 19
אור יהודה,אוהל משה ומשכן יצחק,עדות המזרח,יקותיאל אדם 33
אור יהודה,אור התורה אבו יחזקאל,ספרד,הרב עובדיה יוסף 25
אור יהודה,אלי -כהן,עדות המזרח,בן פורת (ההגנה)
אור יהודה,בית הכנסת המרכזי לעולי בוכרה,ספרד,ז´בוטינסקי 32
אור יהודה,בית יעקב,עדות המזרח,אסירי ציון  9
אור יהודה,בן איש חי,עדות המזרח,הרצל 56
אור יהודה,גאולי ה´ עולי גרוזיה,עדות המזרח,ז´בוטינסקי  16
אור יהודה,היכל יצחק דוד,עדות המזרח,דוד אלעזר 10
אור יהודה,היכל שמואל,עדות המזרח,שרת 11
אור יהודה,יחזקאל צדוק יל,עדות המזרח,ספיר שכונת נוה סביון  7
אור יהודה,כתר מנחם,עדות המזרח,יקותיאל אדם 31
אור יהודה,מצלאוי,ספרד,ניצן 3
אור יהודה,משכן שמעון,יוצאי לוב (טריפוליטאים),אסירי ציון 9
אור יהודה,נווה שלום,עדות המזרח,יקותיאל אדם  31
אור עקיבא,עזרת אחים,עדות המזרח,הרצל 22
אור עקיבא,שיח יצחק,מרוקו,הגבורים 10
אורנית ישוב,היכל משה,אחיד,הזית 67
אורנית ישוב,חברנו,ספרד,הורד 10
אזור,"""ציונוב"" - בית יוסף ונתן",עדות המזרח,ירושלים 143
אזור,"בית הכנסת ע""ש שבזי",תימן,שד בן גוריון  36
אזור,"בית חב""ד","חב""ד",יצחק שדה 2
אזור,הדרת מלך,עדות המזרח,וייצמן 3
אזור,הפועל המזרחי,ספרד,יצחק שדה 2
אזור,עץ חיים,ירושלמי,יצחק    שדה 9
אזור,שערי ירושלים,עדות המזרח,ירושלים 59
אזור,שערי ציון-הכיפות,עדות המזרח,שפינוזה  2
אחיהוד,"שלוחי חב""ד",תימן,השכונה החדשה 7
אחיעזר,שערי צדק,תימן שאמי,הדקל 100
אילת,"בית חב""ד","חב""ד", רודד 6
אילת,הישיבה התיכונית,לפי החזן,איצטדיון 24
אילת,חבד שחמון,"חב""ד",נחל זרחן 6
אילת,חזון עובדיה,עדות המזרח,"זהרון (מעל ""מרכז עינת"") 11"
אילת,חסד לאברהם,עדות המזרח,לוס אנג'לס 5
אילת,ישורון,עדות המזרח,המלחה 13
אילת,ישיבת איילת השחר,לפי החזן,ששת הימים 180
אילת,מאור החיים,ירושלמי,שדרות התמרים 55
אילת,מלון ישרוטל המלך שלמה,לפי החזן,דרך החוף הצפוני  8000
אילת,נצח ישראל,עדות המזרח,נבו 24
אליקים,בית כנסת,תימן,מושב קטן עם 7 בתי כנסת. להכנס ולשאול איפה
אלישמע,אוהל יעקב,יוצאי לוב (טריפוליטאים),האילנות 87
אלעד, חניכי הישיבות קהילת חפץ חיים,אשכנז,חוני המעגל 9
אלעד,אור לציון,ירושלמי,חוני המעגל 1
אלעד,אחוות אחים,תימן שאמי,רבי פנחס בן יאיר 22
אלעד,בית יוסף,ירושלמי,שמעון הצדיק 21
אלעד,בית מאור,מרוקו,אבן גבירול 20
אלעד,בית מאיר,ירושלמי,שמעון הצדיק 18
אלעד,"בית מנחם חב""ד ליובאוויטש","חב""ד",אבטליון 11
אלעד,ברסלב-שאירת ישראל,חסידי,"הרא""ש  1"
אלעד,ויז´ניץ,חסידי,יוסף קארו 5
אלעד,זכור לאברהם,לפי החזן,רבי יהודה הנשיא 9
אלעד,חניכי הישיבות חפץ חיים,אשכנז,חוני המעגל  9
אלעד,חסד לאברהם - אור החיים,עדות המזרח,אבטליון 11
אלפי מנשה,אבא-שמעון,עדות המזרח,אודם 6
אלקנה,אשל אלקנה,ספרד,גבעת הלבונה 7
אלקנה,"בית חב""ד ""אוהל לאה"" אלקנה","חב""ד",מרכז מסחרי
אפרת,אהל שמעון ואסתר,ירושלמי,נצח ירושלים 4
אפרת,אור חביב,מרוקו,המלך דוד דקל ג 72
אפרת,אורות הזית,עדות המזרח,יהודה המכבי 8 אפרת
אפרת,אשמורת אברהם,לפי החזן,המלך דוד  64
אפרת,ברכה ושלום,לפי החזן,שאלתיאל 24
אפרת,זמר הזית,לפי החזן,זית שמן  1
אפרת,מגן אברהם,לפי החזן,תמר 2
אריאל,אביר יעקב,ספרד,יודפת 10
אריאל,אוהל אפרים,,הנחשונים 37
אריאל,אוהל יוסף,עדות המזרח,הפיסגה 10
אריאל,אורות אריאל - ימי חול,לפי החזן,אילות 21
אריאל,אחוות אחים,תימן שאמי,הפיסגה 10
אריאל,מוריה,לפי החזן,עיר יונה 10
אריאל,"עמותת הרמב""ם בית כנסת ""אוהל חנה""",תימן,ברק  19
אריאל,שבות אריאל,לפי החזן,"צה""ל 30"
אריאל,תפארת אריאל,תימן,השומרון  1
אשדוד,אדר היקר הרב זיני,מרוקו,שבי ציון 14אזור א
אשדוד,אהבה ואחווה לעולי מצרים,ספרד,הראשונים  41
אשדוד,"אהבת ישראל ע""ש ר´ ראובן פינטו",מרוקו,הגולשים 26
אשדוד,אהל יעקב,ספרד,המעפילים  39
אשדוד,אוהל אהרון וחנה,עדות המזרח,הצבעוני  2
אשדוד,אור יצחק- נוסח גרוזיה,עדות המזרח,הציונות 10
אשדוד,"אחוות ישראל אשדוד ע""ש ר' מאיר אבוחצירא",מרוקו,כנרת 67
אשקלון,"""משכן אביחי """,תימן בלדי,לכיש 16
אשקלון,אביר יעקב יאיר,עדות המזרח,הרב כלפון משה הכהן  5
אשקלון,אהבת אחים,עדות המזרח,הציונות 72 72
אשקלון,אהבת ציון,תימן שאמי,אבן עזרא  6
אשקלון,אהבת תורה,עדות המזרח, 11
אשקלון,אוהל משה,עדות המזרח,ההסיתדרות 98
אשקלון,בית אליהו,עדות המזרח,הטייסים 91
אשקלון,בית הכנסת המרכזי אפרידר,אשכנז,זונאבנדר 2
אשקלון,בית הכנסת לצעירים סניף בני עקיבא אפרידר,עדות המזרח,אורט 13
אשקלון,בית הרב,עדות המזרח,חוגלה 9
אשקלון,בני ציון,יוצאי לוב (טריפוליטאים),ביאליק 12
אשקלון,בני תורה,עדות המזרח,שי עגנון 10 10
אשתאול,נצח ישראל,תימן שאמי,נחל אדוריים 49
באר יעקב,"""אהל מיכאל-רשב""י"" ",מרוקו,רחוב חזון איש 4
באר יעקב,ברקת,עדות המזרח,שכונת צמרות
באר יעקב,חזון איש מנין עמוס,ירושלמי,חזון איש 8
באר שבע,"""אוהל שרה""",,צביה ויצחק  46
באר שבע,אהבה ואחוה,ירושלמי,כיכר הקינזי 3
באר שבע,אהבת חנה,עדות המזרח,מקס ברוייד14
באר שבע,אוהל יעקב ליוצאי קווקז,,אבנר בן נר 6
באר שבע,אוהל רחל,אשכנז,אילה 5
באר שבע,אור שלום,מרוקו,רזיאל 7
באר שבע,אורות הזוהר,מרוקו,חשין 13
באר שבע,"אליהו הנביא זל""ט ( נוסח בגדד )",עדות המזרח,השומר
באר שבע,באר הגאולה,"חב""ד",גויטיין 9
בארי,שערי צדק,ספרד,בארי 58
בית אל,אוהל חיים,עדות המזרח,ארץ חמדה 22
בית אל,כולל מבקשי השם,לפי החזן,חלמיש 2
בית אל,משכן בית-אל,לפי החזן,התאנה 7
בית אליעזר,בית יצחק,ספרד,גדות  2
בית אליעזר,נצח ישראל,תימן,התאנים 13
בית דגן,אוהל תורה,תימן בלדי,טרומפלדור 14
בית דגן,אלי כהן,מרוקו,הגפן 5
בית דגן,ברסלב,עדות המזרח,קפלן 14
בית דגן,מנחת שלמה,תימן בלדי,כצנלסון 16
בית חנניה,בית הכנסת מושב בית חנניה,לפי החזן,חלמיש 1
בית שאן,היכל דוד ושלמה- חנוך לנער,ספרד,שאול המלך 96
בית שאן,זוהר התורה,ספרד,הלורד בלפור 26
בית שאן,ישראלי,ספרד,אלי כהן 98
בית שאן,שערי דניאל - חידושי משה,עדות המזרח,העלייה (שכון א) 8
בית שמש,אדרת אליהו,עדות המזרח,קרן היסוד 4
בית שמש,אהבה ושמחה - קרליבך,ספרד,נחל דולב 70
בית שמש,אהבת יהונתן־אז ישיר,אשכנז,נחל לכיש 3
בית שמש,אהבת ציון,אשכנז,נחל תמנה 2
בית שמש,אהבת שלום,אשכנז,נחל לכיש 33
בית שמש,אור החמה,עדות המזרח,המשלט 12
בית שמש,אור שלום,,נחל מאור 27
בית שמש,אחדות ישראל,עדות המזרח,בר אילן  74
בית שמש,אש קודש,ספרד,נחל מאוד  6
בית שמש,בית אסתר,עדות המזרח,הנורית 39
בית שמש,בית הכנסת המרכזי,לפי החזן,מטע 6
בית שמש,בית מדרש תורני לאומי,אשכנז,אשר 1
בית שמש,"בית מנחם חב""ד גבעת שרת","חב""ד",הרקפת 8
ביתר עלית,אהל יוסף,עדות המזרח,הבבא סאלי  20
ביתר עלית,אוהל תורה,אשכנז,ר´ יוסף קארו  4
ביתר עלית,אמשינוב,חסידי,דרכי איש 21
ביתר עלית,החידא,ירושלמי,ברסלב  3
ביתר עלית,ויזניץ,חסידי,קדושת לוי 36
ביתר עלית,חניכי הישיבות,עדות המזרח,הרבי מנדבורנא 2
ביתר עלית,טוב דעת,אשכנז,פנים מאירים 13
ביתר עלית,משכן הקדש,עדות המזרח,אש קודש 6
ביתר עלית,נזר הנחל,עדות המזרח,ר´ יוסף קארו 18
ביתר עלית,עטרת הנחל,,קעניג 7
ביתר עלית,"פאר הריב""ש-חניכי הישיבות",עדות המזרח,ר´ יוסף קארו  2
ביתר עלית,צאנז,חסידי,פנים מאירים 4
ביתר עלית,שם משמעון,עדות המזרח,ר´ אלעזר המודעי  21
ביתר עלית,תפארת אברהם אלימלך,אחיד,חתם סופר 10 10
בני ברק,"""אשכנז""",אשכנז,יעל 3
בני ברק,"""בית יחיאל"" בנדיקט",ספרד,סוקולוב 19
בני ברק,"""הוילה""",ספרד,מוהליבר  12
בני ברק,"""מצדה""",ספרד,אשל אברהם 13
בני ברק,אברהם,"חב""ד",אליעזר  2
בני ברק,אגודת עץ חיים,תימן,אבוחצירה 39
בני ברק,אהל משה ורחל,אשכנז,פרל 19
בני ברק,אהלי אברהם,עדות המזרח,נורוק   30
בני ברק,אוהל אברהם,עדות המזרח,הירש 19
בני ברק,אוהל אברהם,ספרד,הרב קוק 28
בני ברק,אוהל דוד,אחיד,גוטמאכר 5
בני ברק,אוהל יעקב ולאה,אשכנז,הרב פרדו  2
בני ברק,אוהל יצחק,מרוקו,רבי עקיבא  66
בני ברק,אור ברוך,ירושלמי,בן פתחיה  28
בני ברק,אור יעקוב,עדות המזרח,הירקון  50
בני ברק,אור ישראל,עדות המזרח,יהושע בן נון 17
בני ברק,אורייתא,ספרד,מנחם 25
בני ברק,אחדות,עדות המזרח,אבן גבירול 18
בני ברק,אחווה ורעות,עדות המזרח,אברבנאל 1
בני ברק,איצקוביץ,לפי החזן,הרב שך  4
בני עיש,מקור חיים,תימן,הרב יחיא אלקשמה  18
בנימינה,סוכת שלום (כתריאל),תימן שאמי,הסחלב 25
בנימינה,שער הרחמים (ברדוגו),עדות המזרח,דרך העצמאות 60
בנימינה,שערי צדק,תימן,רקפת 17
בנימינה,תפארת בנימין,אשכנז,קרן היסוד 2
בת ים,"""נחליאלי""",ספרד,פנקס  1
בת ים,"""צדיקי מרוקו"" ",לפי החזן,גבעתי 6
בת ים,"""רמות ים""",ספרד,בר אילן 27
בת ים,אברהם בינימין שעשוע,עדות המזרח,הלפר 22
בת ים,אהבה ואחווה,ירושלמי,ניצנה  16
בת ים,אהבת ישראל,ספרד,פנקס 2
בת ים,אוהל ששון,יוצאי לוב (טריפוליטאים),החרמון 4
בת ים,אור הגאולה,אשכנז,רח העבודה 27 27
בת ים,אור החמה-היכל הקודש,עדות המזרח,הנביאים 50
בת ים,אור חדש,עדות המזרח,אנה פרנק 16
בת ים,אור ישראל,עדות המזרח,גבעתי 6
בת ים,אחדות בני ישראל,,ירושלים 42
בת ים,באבוב,חסידי,"האדמו""ר מבאבוב 12"
בת ים,בית אל,יוצאי לוב (טריפוליטאים),בן ציון ישראל 15
בת ים,בית יעקב,ספרד,סמטת אופיר  6
בת ים,בית יעקב,ספרד,סמטת הכרמל  4
בת ים,בית עובדיה,ירושלמי,יוספטל 78
גבעת זאב,בית הכנסת משכן יוסף,לפי החזן,מצפה  9
גבעת זאב,הדר יוסף,ספרד,רימון הדר הגבעה  1
גבעת זאב,כתר בנימין,עדות המזרח,הלולב  5
גבעת זאב,"מורשת מנחם-חב""ד","חב""ד",מיצפה  9
גבעת זאב,"מורשת מנחם-חב""ד","חב""ד",מיצפה  9
גבעת זאב,"מניין צעירי חב""ד","חב""ד",התאנה  4
גבעת שמואל,"""קהל חסידים""",חסידי,סמטת מגדל המים 1
גבעת שמואל,אהבת אחים,עדות המזרח,נימרובר 2
גבעת שמואל,בית אל,ירושלמי,הנשיא 12
גבעת שמואל,בית מדרש גבעת שמואל,עדות המזרח,עוזי חיטמן 4
גבעת שמואל,בית מתיתיהו-אור יעקב,אשכנז,נימרובר 2
גבעת שמואל,בית מתתיהו,ספרד,העבודה 1
גבעת שמואל,בנין סימטרון,לפי החזן,גוש עציון 11
גבעת שמואל,היכל רחמים,ספרד,"סמטת ש""י עגנון 6"
גבעת שמואל,המרכזי,ספרד,בר אילן 21
גבעת שמואל,הריף,מרוקו,הרצל 4
גבעת שמואל,חפץ חיים,אשכנז,ביאליק 36
גבעת שמואל,משה ואהרון,ספרד,הרימון 13
גבעתים,אהבת ציון,תימן שאמי,גונן 5
גבעתים,אוהל משה,אשכנז,גורדון 6
גבעתים,אוהל ש״מ- אשכנזי,אשכנז,פועלי הרכבת 4
גבעתים,אוהל ש״מ- ספרדי,עדות המזרח,פועלי הרכבת 4
גבעתים,אמוני מרדכי,אשכנז,"צה""ל 7"
גבעתים,בית -אל,,ישראל טייבר 57
גבעתים,בית אליהו,יוצאי לוב (טריפוליטאים),רחוב גולומב  12
גבעתים,בית שטפנשט,אחיד,רמב´´ם  1
גבעתים,היכל משה - החדש,עדות המזרח,טייבר  29
גבעתים,הפניקס,לפי החזן,דרך השלום  53
גבעתים,"הרמ""ה",ספרד,גונן 3
גבעתים,זכרון קדושים,,סמטת קיבוץ גלויות  8
גבעתים,מרדכי ואסתר,עדות המזרח,כצנלסון 30
גבעתים,עין יעקב- בית הכנסת הגדול,ספרד,שינקין 43
גבעתים,קהילת הצעירים,ספרד,טיבר 65
גדרה,אהבת עולם,מרוקו,האורן  7
גדרה,איש מצליח,תוניס,דרך ארץ 1
גדרה,בית הכנסת הקהילתי גדרה הצעירה,אשכנז,מנחם בגין 51
גדרה,"חב""ד","חב""ד",יסמין 24
גדרה,ישורון,אשכנז,בילויים  24
גדרה,נוסח אחיד,ספרד,פינס 2
גדרה,סיני,תימן,נפתלי 2
גדרה,עץ חיים קטרה,תימן בלדי,שבזי 1
גדרה,שערי ירושלים,תוניס,ראובן 15
גדרה,שערי צדק,תימן בלדי,יששכר 14
גינות שומרון,בית הכנסת המרכזי - היכל רפאל,ספרד,השקמה 31
גמזו,אהל משה,עדות המזרח,בית כנסת הספרדים 1
גן יבנה,נאות אשכול,עדות המזרח,יהודה עמיחי 12
גן יבנה,נוה שלום,תימן בלדי,אלי כהן 215
גן יבנה,תהלה לדוד ,מרוקו,העצמאות  13
גן שמואל,מעל הזמן,עדות המזרח,הנשיא  10
גני תקוה,אהבת אחים,ספרד,עין חנוך 8
גני תקוה,"בית חב""ד","חב""ד",הרי יהודה   33
גני תקוה,ברכי נפשי,עדות המזרח,עין חנוך 11
גני תקוה,מרכז תורני נוה שלום,עדות המזרח,סמטת הר נבו 7
גני תקוה,מרכזי נוף סביון,ספרד,עין חנוך 6
גני תקוה,משיבת נפש,עדות המזרח,סמטת התבור 8
גני תקוה,צעירי ישראל,ספרד,הגולן 70
גני תקוה,שלום ורעות,ספרד,עין חנוך 13
גני תקוה,תורת חיים,מרוקו,הרמה 5
גשר הזיו,סולם יעקב,אחיד,במקלט ליד המועדון 1
גת רמון,בית הכנסת המרכזי גת רימון,לפי החזן,האילנות 30
דימונה,אביר יעקב דימונה,מרוקו,כובשי אילת   14
דימונה,אליהו הנביא,עדות המזרח,השומר  5
דימונה,בית דוד,מרוקו,ההגנה 3
דימונה,בית יהושע,אשכנז,יגאל אלון פינת בבא סאלי 110
דימונה,זכור לאברהם,עדות המזרח,היורה 6
הוד השרון,אור הנצח,עדות המזרח,מעייני 7
הוד השרון,אור ישראל,ספרד,משה שרת 37
הוד השרון,אריאל,לפי החזן,מבצע קדש 2
הוד השרון,בית כנסת בניין מיקרוסמי - קומה 1,לפי החזן, החרש 29
הוד השרון,הדר,אשכנז, דרך כפר הדר 40
הוד השרון,הצריף,ספרד,הרשות 2
הוד השרון,"הרמב""ם",תימן בלדי,נצח ישראל  43
הוד השרון,זכרון משה,ספרד,שמעון הצדיק 37
הוד השרון,מקדש מעט,עדות המזרח,הגיבור 3
הוד השרון,"ע""ש פגי ירון ז""ל",עדות המזרח,המגן 30
הוד השרון,עץ חיים,תימן,כנרת 6
הוד השרון,שער השמיים,תימן שאמי,שמעון הצדיק 37
הרצליה,"""גאולת ישראל""",עדות המזרח,מולדת 14
הרצליה,אבי דוד,תימן בלדי,מובשוביץ 12
הרצליה,אגודת אחים,אשכנז,עצמאות 78
הרצליה,אהבה ואחווה,ספרד,כצלנסון 58
הרצליה,אהבת ישראל,לפי החזן,ברחוב וינגייט 90
הרצליה,אוהל משה,ספרד,בן אליעזר 33
הרצליה,אור החיים,לפי החזן,הר סיני 34
הרצליה,אור לישראל,ספרד,שחל 3
הרצליה,אחדות,אשכנז,הכוזרי 3
הרצליה,ארם נהריים,עדות המזרח,י.ל.פרץ 30
הרצליה,ביזנס פארק,לפי החזן,משכית 8
הרצליה,בית דוד,תימן בלדי,שרעבי  13
הרצליה,בית הכנסת הגדול,אשכנז,סוקולוב 30
הרצליה,בית הלוי,תימן,הפרטיזנים 32 - נווה עמל
הרצליה,"בית חב""ד אזור התעשיה","חב""ד",משכית 22
הרצליה,בית יוליאנה,אשכנז,בית אבות
הרצליה ב,בית יואל,ספרד,פישמן 8
הרצליה ב,בית שירנה,ספרד,מדינת היהודים 18
זכרון יעקב,אוהל יעקב,אשכנז,הנדיב  19
זכרון יעקב,אוהל רחל,מרוקו,העליה 8
זכרון יעקב,היכל רפאל,עדות המזרח,הנדיב 6
זכרון יעקב,חב´´ד,"חב""ד",אליהו חכים 3
זכרון יעקב,מועד,אשכנז,המייסדים 100
זכרון יעקב,מחנה ישראל,תימן,תרעב 11
זכרון יעקב,"רשב""י",ירושלמי,שבי ציון  1
חבצלת השרון,הגואל,עדות המזרח,דרך הזיתים 5
חדרה,אהבת רחמים,עדות המזרח,הגיבורים 52
חדרה,אוהל יהודה ורחל,מרוקו,השקמה 7
חדרה,בית אל,,השרון 10
חדרה,בית הנשיא,ספרד,הנשיא 82
חדרה,"בית חב""ד חדרה","חב""ד",הגיבורים 68
חדרה,"בית חב""ד לדוברי צרפתית","חב""ד",הגיבורים 68
חדרה,בית יצחק,ספרד,גדות  2
חדרה,"בית כנסת חב""ד - כולל חב""ד","חב""ד",הנשיא 31
חדרה,"בית כנסת חב""ד המרכזי","חב""ד",הגיבורים 68
חדרה,"הגדול, נחליאל",תימן שאמי,הגיבורים 126
חדרה,"חב""ד וילג'","חב""ד",שכטמן 10 (קניון מול החוף
חיבת ציון,רחוב הראשונים 22,ספרד,דרור 1
חיפה, שערי צדק הגליל,ספרד,חסן שוקרי 18 - הדר
חיפה,אבות ובנים,ספרד,קלר 6
חיפה,אביר יעקוב,ספרד,ערד  9
חיפה,אהבת ישראל,עדות המזרח,הרותם 1
חיפה,אהבת תורה- ויזניץ,חסידי,מיכאל 1
חיפה,אוהב ישראל,ספרד, עבס 14
חיפה,אוהל אברהם,אשכנז,בית אל 22
חיפה,אוהל ברכה,ספרד,שימקין 17
חיפה,אור הכרמל,ירושלמי,שער הלבנון  4
חיפה,אליהו הנביא,ספרד,סיני 16
חיפה,אליהו הנביא,ספרד,סטרומה 5
חיפה,בית אל,ספרד,התשעה 3
חיפה,"בית הכנסת ""כרמל המערבי""",אחיד,אילנות 18
חיפה,בית הכנסת האשכנזי רמות רמז,ספרד,ברנר  13
חמד,משכנות דן ,עדות המזרח,שדרות העומר 107
חצור הגלילית,קול יעקב של העדה הפרסית,עדות המזרח,לוי אשכול 20
חשמונאים,אהל מינה,עדות המזרח,התאנה 5
חשמונאים,חסדי ה,ירושלמי,המהריץ 3
טבעון קרית טבעון,יהודה הנשיא,ספרד,מורדכי 120
טבריה,אוהל יוסף,עדות המזרח,שיכון ג 539
טבריה,אור ישראל,עדות המזרח,שכון ג´ 535
טבריה,"בית כנסת חב""ד המרכזי","חב""ד","רש""י 7"
טבריה,היכל דוד,עדות המזרח,שזר  1112
טבריה,היכל רחמים,ספרד,השלום 16
טבריה,העתיק,"חב""ד",הבנים 1
טבריה,יד בנימין,תוניס,הגליל 72
טירת הכרמל,גואטה- הכולל,עדות המזרח,"רמב""ם 18"
טירת הכרמל,חבד,"חב""ד",אליאס 18
טירת הכרמל,מנחה בלבד בבניין האדום של ג'נרל אלקטריק,לפי החזן,יוזמה 1 בבניין האדום של ג'נרל אלקטריק
טירת הכרמל,"מניין עובדים- במשרד ""א.ב אדריכלים""",לפי החזן,האתגר 3
טירת הכרמל,מעיין חיים,ירושלמי,ז´בוטינסקי 2
טירת הכרמל,משכן אלירן,מרוקו,ירושלים 1
טירת הכרמל,"ע""ש חכם ברזני",ספרד,הרב קוק 1
טירת הכרמל,שיר למעלות,ספרד, הרב זרביב 23
טירת הכרמל,שמן למאור,ספרד,הרב ויינריב 31
יבנה,אוהל אברהם,עדות המזרח,התבור 2
יבנה,אוהל אברהם ומשכן שמעון,עדות המזרח,התבור  2
יבנה,אור ציון ובית שמשון,ירושלמי,סביון  2
יבנה,באבא סאלי,ספרד,החרוב 17
יבנה,דוד המלך,מרוקו,הגלבוע 19
יבנה,"חב""ד יבנה ",ספרד,הזמיר 1
יבנה,חבקוק הנביא,ספרד,הדקל 6
יבניאל,"""היכל הקודש"" חסידי ברסלב",אחיד,רבי נחמן מברסלב 1
יד בנימין,בית הכנסת המרכזי,ספרד,צופית 5
יד בנימין,פעמוני זהב ,לפי החזן,רחוב האשל 18מתחם דור-אלון
יד בנימין,שירת קטיף,עדות המזרח,שחף 91
יהוד,"""היכל אלעזר""",ספרד,יהודה לוי 46
יהוד,אור אבנר,עדות המזרח,משה דיין 11
יהוד,אור לשבים,ספרד,ויצמן 83
יהוד,בית אל,ספרד,הרצל  23
יהוד,בית הכנסת מאיר,תימן,בן  צבי ישי 1
יהוד,בית הכנסת של כולם,"חב""ד",דרך החורש 4
יהוד,הראל,תימן,נורדאו 9
יהוד,וינס,עדות המזרח,וינס 1
יהוד,ישורון,תימן,קדושי מצרים  17
יהוד,עולי בוכרה,עדות המזרח,בן צבי  1
יטב,מבואות יריחו,לפי החזן,הרב כהנא 18
יכיני,של זכריה רצון,תימן, 70
יסוד המעלה,משיח גן ישראל ,"חב""ד",הוורדים 2
יפו,(אהבה ואחוה (חזון נחום,עדות המזרח,מגן אברהם 12
יפו,אוהל אברהם,מרוקו,רוסלאן 30
יפו,אוהל אברהם שמואל,עדות המזרח,אייזיק חריף 23
יפו,בית אל,תימן בלדי,בת עין  2
יפו,בית הכנסת המרכזי זכרון קדושים,ספרד,יפת 254
יפו,בית הכנסת העתיק ביפו העתיקה,יוצאי לוב (טריפוליטאים),דגים 2
יפו,בית ישראל,אשכנז,הבעל שם טוב 4
יפו,זכרון משה,מרוקו,מיכאל אנג´לו 31
יפו,"ישיבת ""מה יפו פעמייך""",אחיד,טולוז  16
יפו,עולי לוב,עדות המזרח,חיננית 1
יציץ,אוהל יעקב,יוצאי לוב (טריפוליטאים),התאנה 5
יקנעם,אחוות אחים,עדות המזרח,המיצר 1
יקנעם עילית,אחוות אחים,ירושלמי,המיצר 1
יקנעם עילית,יחד שבטי ישראל,מרוקו,אכזיב 17
יקנעם עילית,מורשת אבות,תימן בלדי,הצאלים 74
יקנעם עילית,נתיב מאיר,מרוקו,האקליפטוס 15
ירוחם,"ישיבת אמי""ת בלבב שלם",לפי החזן,אליהו הנביא 1
ירוחם,ישיבת ההסדר,אחיד,אליהו הנביא  1
ירוחם,קהילה חרדית,אשכנז,בכולל 1
ירושלים, אבוא ביתך,ירושלמי,זאב חקלאי 4
ירושלים, בית אהרון,ספרד,דרך החורש 90 רמות ב
ירושלים,"""אהבה ואחוה""",תימן בלדי,שאולזון 18
ירושלים,"""אשר""",ירושלמי,יהודה {פינת  פיר קניק  44
ירושלים,"""יד-אבי""ישראל הצעיר",אשכנז,בורוכוב קרית היובל 63
ירושלים,"""פאתי מזרח""",ספרד,דוד פדרמן 14
ירושלים,אביר יעקב,מרוקו,שמואל נתן  4
ירושלים,אגודת אחים,,זולטי 6
ירושלים,אדמון ספרא,ירושלמי,שמואל יפה 6
ירושלים,אדר יהודה,מרוקו,רינה ניקובה 5
ירושלים,אדרת אליהו,אשכנז,התאנה 1
ירושלים,אדרת אליהו,אשכנז,התאנה 1
ירושלים,אהבת ישראל,"חב""ד",כפר עציון 8
ירושלים,אהבת ישראל,,מעבר המתלה 5
ירושלים,אהל אבות,ירושלמי,אריה אלטמן פסגת זאב מרכז 1
כוכב השחר,שירת יונדב,לפי החזן,מעוז-אסתר 2
כוכב יעקב,"ישיבת ההסדר ""היכל אליהו""",לפי החזן,תורה מציון 1
כוכב יעקב,תומר דבורה,חסידי, חסדי אבות 60
כפר יונה,״נווה אליהו״ ע״ש הרה״חג אליהו רבינא זצ״ל,ספרד,העליה  35
כפר יונה,ג´אנח ובניו,לפי החזן,הקבלן  3
כפר יונה,קדושי אפריים,תימן שאמי,קדושי 3454
כפר סבא,אהבת שלום,עדות המזרח,דניאל 3
כפר סבא,אוהב צדק,ירושלמי,ויצמן 204
כפר סבא,אוהל יעקב ולאה,עדות המזרח,הכרמל 70
כפר סבא,אוהל ישראל,תימן שאמי,כנפי נשרים 20
כפר סבא,אוהל משה,ספרד,ויצמן 122
כפר סבא,אלי כהן,מרוקו,ויצמן 181
כפר סבא,בית אל,תימן בלדי,הרב קוק - מעלה ליובאוויש 16
כפר סבא,בית הלל,עדות המזרח,חביבה רייך 7
כפר סבא,בית יעקב,תימן שאמי,בורוכוב 23
כפר סבא,בית עזרא,ספרד,משה דיין 9
כפר סבא,המניין החדש,אשכנז,י´ כהן 4
כפר שמריהו,היכל הבנים,אשכנז,דרך הגנים  38
כפר תפוח,חבד,"חב""ד",הדר 264
כרמיאל,אהבת חינם,אחיד,בציר  39
כרמיאל,"אור-הרש""ש",עדות המזרח,משעול חצב  34
כרמיאל,אנרטק,עדות המזרח,הנפח 8
כרמיאל,בית הכרם,אשכנז,שיזף 4
כרמיאל,בן איש חי,עדות המזרח,הפרחים  52
כרמיאל,הדר בן ציון,עדות המזרח,בירנית 1
כרמיאל,ירונו אחים,עדות המזרח,ביכורים 27
כרמיאל,ישיבת ההסדר כרמיאל,לפי החזן,בירנית 1
כרמיאל,מאור גליל,אשכנז,נתיב הלוטוס 3
כרמיאל,משכן חי,ספרד,אסיף    48
כרמיאל,מתן נחליאל,אחיד,חטיבת הראל 34
כרמיאל,עץ חיים,מרוקו,מצפה נוף 17 17
לוד,"""תפארת אהרון""",עדות המזרח,אלי כהן 22
לוד,אור החיים,עדות המזרח,"שד' שוורץ 1 לוד בתוך מפעל קרגל /במקלט אזה""ת הצפוני"
לוד,אלון (בנק לאומי),לפי החזן,יודפת 1ב
לוד,אשכול הכופר,עדות המזרח,כצנלסון 4
לוד,"ביה""כ ע""ש חיים חטב והנופלים במלחמת יו""כ",מרוקו,"שכונת רמ""ט 6"
לוד,בית אהרון,עדות המזרח,אלפעל 3
לוד,בית ברוך,תוניס,זבוטנסקי 5
לוד,גבריאל המלאך,ספרד,שלמה המלך 42
לוד,דתי לאומי נוה נוף,אשכנז,חיים משה שפירא 1
מבשרת ירושלים,כל ישראל חברים,ספרד,שדרות החושן 39
מבשרת ירושלים,מורשת הראה,ספרד,הברוש 70
מבשרת ציון,אחדות ישראל,עדות המזרח,הראשונים 8
מבשרת ציון,בית הכנסת המרכזי חזון יחזקאל,עדות המזרח,חרמון 1
מבשרת ציון,בית הכנסת המרכזי עין חמד,ירושלמי,המור 1
מבשרת ציון,"בית הכנסת חב""ד מבשרת ציון","חב""ד",הרקפת 9 מבשרת ציון
מבשרת ציון,"חב""ד קסטל","חב""ד",החוצבים 4 קומה ב´
מבשרת ציון,כל ישראל חברים,ספרד,שדרות החושן  39
מבשרת ציון,כתר ציון,עדות המזרח,האילנות 4
מבשרת ציון,מורשת הראה,אשכנז,ברוש 70
מבשרת ציון,עמדי אריאל,עדות המזרח, מצפה הבירה 41
מבשרת ציון,קרית חינוך,ספרד,האורן  50
מגדל העמק,אוהל יצחק הרב מימון,תוניס,הרב בוסקילה 3
מגדל העמק,האשכנזי המרכזי,ספרד, קדש 30
מגדל העמק,"חב""ד","חב""ד",מירון 3
מגדל העמק,"חב""ד נוף העמק","חב""ד",נוף העמק 4
מגדל העמק,חבד - ליובאוויטש - אור מנחם,"חב""ד",הגפן 26
מגדל העמק,"יד הר""ב ע""ש הרב רפאל בוסקילה זצ""ל",,חטיבת גולני 20
מגדל העמק,נר יוסף,מרוקו, הנגב 4
מגדל העמק,עולי בבל,עדות המזרח,שלום עליכם 18
מגדל העמק,רבי דוד ומשה,מרוקו, קדש 5
מגדל העמק,שער שמעון אטיאס,מרוקו,השוהם 8
מגדל העמק,תורת אבות,עדות המזרח,אביב  4
מודיעין,אוהל רחל,מרוקו,אבני החושן  24
מודיעין,אחדות,ספרד,אסתר המלכה 27
מודיעין,אמלל שיר,תימן,תכלת 11 אבני חן
מודיעין,אשכנז בוכמן,אשכנז,אפרים  13
מודיעין,בית הכנסת קיפודן ספרדי,ספרד,קיפודן 21 21
מודיעין,"בית חב""ד","חב""ד",עמק איילון 21
מודיעין,בן פורת יוסף,עדות המזרח,עמק האלה 40
מודיעין,ברקן,ירושלמי,חרצית 28
מודיעין,דביר מודיעין,עדות המזרח,נחל פארן 31
מודיעין,היכל נחום,תימן בלדי,נחל זוהר  24
מודיעין,היכל שמואל,עדות המזרח,נחל תנינים 8
מודיעין,ובחרת בחיים,עדות המזרח,מיכה 1
מודיעין עילית,אהל מנחם,אשכנז,נודע ביהודה  41
מודיעין עילית,אור יוסף,תימן, יהודה  הנשיא 51
מודיעין עילית,אחדות ישראל,ירושלמי,אבני נזר 55
מודיעין עילית,בן איש חי,עדות המזרח,חתם סופר  10
מודיעין עילית,הגרא,,ישועת דוד 14
מודיעין עילית,היכל יצחק,אשכנז,חפץ חיים 10
מודיעין עילית,חניכי הישיבות הרב ברזל,אשכנז,אור החיים  27
מודיעין עילית,יוצאי חברון,אשכנז,שדי חמד 13
מודיעין עילית,יחל ישראל,אשכנז,נתיבות המשפט 2
מודיעין עילית,מאה שערים,לפי החזן,מסילת יוסף  31
מודיעין עילית,קהילת עדת יראים-אושטרייך,אשכנז,נתיבות המשפט 111
מודיעין עילית,קהילת קצות החושן,אשכנז,קצות החושן 11
מודיעין עילית,קהל חסידים,ספרד,נתיבות שלום 6
מודיעין עילית,קול יעקב,ירושלמי,נתיבות המשפט  7
מודיעין עילית,שיר ושבחה,אשכנז,הסבא מסלובדקא 4
מודיעין עילית,תורה ותפילה,אשכנז,רבי יהודה הנשיא 19
מודיעין עילית,תפארת בורדוגו,ירושלמי,רב ושמואל 9
מזכרת בתיה,בית המדרש,,שקולניק 17
מזכרת בתיה,"בית כנסת כללי - חב""ד","חב""ד",נתיב השיירות 46
מזכרת בתיה,יחד שבטי ישראל,לפי החזן,שקולניק 13
מטע,כדורי,ספרד,כליל החורש 38
מיתר,"""אחדות ישראל """,לפי החזן,צאלים 1
מיתר,המרכזי,אחיד,בשמת פינת צקלג 33
מעון,בית הכנסת המרכזי של מעון,לפי החזן,בין השכונה העליונה לתחתונה 1
מעלה אדומים,אהבת ישראל,מרוקו,הדקל 1
מעלה אדומים,אור התורה,ירושלמי,הנחלים  54
מעלה אדומים,דקל וילנאי,,דרך מדבר יהודה 13
מעלה אדומים,הגילגל,אחיד,הגילגל 18
מעלה אדומים,היכל אביעד-עמודי השישה,ירושלמי,התוף 36
מעלה אדומים,המרכזי,מרוקו,הנחלים 94
מעלות תרשיחא,"""אליהו ומיכאל """,מרוקו,הרצל  1
מעלות תרשיחא,אוהל אברהם,עדות המזרח,האיריס 18
מעלות תרשיחא,בני יוסף,ירושלמי,סיגליות 36
מעלות תרשיחא,"החיד""א",עדות המזרח,קורנית 25
מעלות תרשיחא,יגאל ישראל - שכונת הזיתים,עדות המזרח,דולב 2
מעלות תרשיחא,מאור ישראל,לפי החזן,ירושלים  41
מעלות תרשיחא,מניין אשכנזי שכונת הסביונים,אשכנז,ספיר
מצפה יריחו,ישא ברכה,לפי החזן,ישא ברכה 1
מצפה רמון,אהל שלום - התימנים,לפי החזן,עין עקב 8
מצפה רמון,אחות דניאל ,עדות המזרח,נחל רעף 8
מצפה רמון,עץ חיים,לפי החזן,0528541248
מצפה רמון,צמח דוד,לפי החזן,עין עופרים 18
נהריה,אביר יעקב,ספרד,שכונת ממשלתי
נהריה,אברהם אבינו,ספרד,השקד 29 - מול מגרשי ספורט
נהריה,אברהם אבינו,ספרד,שפרינצק 42 (בתוך הפארק)
נהריה,אהבת שלום,ספרד,קיבוץ גלויות 65
נהריה,אוהל חיים,עדות המזרח,נחמיה 10
נהריה,אוצר התורה,ספרד,החלוץ 34
נהריה,אור חדש,ספרד,יהודה המכבי 12
נהריה,אלי כהן,ספרד,קיבוץ גלויות 51
נהריה,אמת,תוניס,יהודה המכבי 22
נהריה,"בית חב""ד","חב""ד",רחוב יחיעם פינת דרך העצמאות
נהריה,בית יעקב,ספרד,אחד העם 6
נהריה,בית יעקב הפועל המזרחי,עדות המזרח,המייסדים 24
נהריה,בית מאיר,מרוקו,הרצל 8
נהריה,בנק איגוד,לפי החזן,הגעתון 26
נהריה,ברכת אסתר,עדות המזרח,המייסדים 31
נוה דניאל,בית מדרש דרך האבות,לפי החזן,רחוב דרך האבות 21
נוה דניאל,מרכז רוחני ספרדי,עדות המזרח,המוריה 200
נוף אילון,זכור לאברהם שלב א,ספרד,החשן 40
נופים,נופים,עדות המזרח,מרכז 1
נחלים,ישיבת נחלים,ספרד,דן 54
ניר עציון,המרכזי,ספרד,הכיכר 1
נירית,נירית,ספרד,מירון 137
נס ציונה,בן איש חי,ספרד,מכבי 4
נס ציונה,בן פורת יוסף,ספרד,השיטת 20
נס ציונה,דרכי נועם,ספרד,אהרון בוקסר 1
נס ציונה,הגדול אנשי יושר,ספרד,נחשון  7
נס ציונה,"חב""ד - אור אברהם","חב""ד",ביאליק  2
נס ציונה,חסידים,עדות המזרח,גאולה  13
נס ציונה,לב המושבה,ירושלמי,שמיד  1
נס ציונה,משכן משה,,החושן 16
נס ציונה,ניצן,אחיד,שדרות אפריים  4
נס ציונה,שבזי,תימן,העצמאות 32
נס ציונה,שכונת הפרוגרסיבים,ספרד,בן גוריון  51
נצרת עילית,"""מקום תורה""",אשכנז,הגבעה  3
נצרת עילית,אור הצפון,אשכנז,החצב 3
נצרת עילית,אורות עילית,מרוקו,השקמה  1
נצרת עילית,"בית הכנסת הספרדי המרכזי ""ברית שלום""",מרוקו,העליה 2
נצרת עילית,"בית יוסף חב""ד","חב""ד",יודפת 82
נצרת עילית,בני הישיבות אהל יעקב,אשכנז,הרב פנחס מילר 4
נצרת עילית,ברבירו,מרוקו,תבור 421
נצרת עילית,המרכזי - הגדול,"חב""ד",הגבעה 3
נצרת עילית,הר יונה ג,אשכנז,הרב עובדיה יוסף  1
נצרת עילית,"חב""ד מיוחד","חב""ד",יזרעאל 41
נצרת עילית,ישיבת ההסדר נצרת עילית,לפי החזן,כרמל 25
נצרת עילית,"ישיבת חב""ד","חב""ד",המלאכה 17
נצרת עילית,עץ חיים,מרוקו,הגפן  7
נצרת עילית,שומר ישראל,עדות המזרח,המלאכה 1
נשר,אור יצחק,ספרד,האלון 7
נשר,גבעת נשר,מרוקו,החלוצים 1
נשר,המרכזי בן-דור,אשכנז,המתמיד 5
נשר,הנוריות,ספרד,הנוריות  13
נשר,התאנה,לפי החזן,התאנה 5
נשר,יד-לאחים,מרוקו,מעלה הגיבורים 1
נשר,משרדי חברת מאבל - מנחה בימות החול בלבד,עדות המזרח,בר יהודה 52
נשר,"רשב""י",מרוקו,הרב בר מוחא 3
נשר,תהילה לדוד,לפי החזן,רחוב עמוס 26 נשר
נשר,תפילה לדוד,עדות המזרח,עמוס 30
נתיבות,אור החיים,עדות המזרח,אור לציון 4
נתיבות,בית יוסף כתר מרדכי,ספרד,ירושלים 70 70
נתיבות,בית מדרש ברסלב,עדות המזרח,שבטי ישראל 147
נתיבות,ישיבת ההסדר-אהבת ישראל,לפי החזן,"הרמב""ם 1"
נתיבות,מאורות נתן,עדות המזרח,בן גוריון 6
נתיבות,משכן שי חיים,עדות המזרח,הרב צבאן 7
נתיבות,משכן שלמה,תוניס,המשחררים 1
נתיבות,משכן ששון,עדות המזרח,הצאלה 22
נתיבות,סעדון,ירושלמי,אור לצוין 37
נתניה,.S.N.A.C,אשכנז,צפת 5
נתניה,"""הרחמן""",עדות המזרח,קהילת צפת 5
נתניה,´ביתא ישראל,עדות המזרח,שיפר 8
נתניה,אבות ובנים,עדות המזרח,יבנה 6
נתניה,אגודת אחים,ספרד,ז'בוטינסקי 45
נתניה,אהבת שלום,מרוקו,איזיק רמבה 6
נתניה,אהל יעקב,ספרד,ראשון לציון  32
נתניה,אוהל אברהם ויוסף,תימן,נוה שלום  18
נתניה,אוהל דניאל,מרוקו,גד מכנס 28
נתניה,אוהל חנין,עדות המזרח,"רד""ק  1"
נתניה,אוהל יצחק,ספרד,חטיבת הראל  10
נתניה,אוהל משה,תימן,חתם סופר  4
נתניה,אוהל משה,ירושלמי, חתם סופר 4
נתניה,אוהל משיח,ירושלמי,תשרי 1
נתניה,אוהל נחמיה,,רבי עקיבא  1
נתניה,אוהל עמרם,מרוקו,שיטרית 22
סביון,תפארת יצחק,אשכנז,הדרום 12
עומר,ישראל הצעיר,ספרד,הדס 1
עומר,מגן אברהם,לפי החזן,מרגנית  20
עומר,שבטי ישראל,עדות המזרח,ליבנה 1
עזריאל,צור ישראל,אחיד,הרחבה - גן חבד לשעבר 102
עין הוד,נווה ציון,תימן,פארק המדע 770
עין העמק,בית הכנסת עין העמק,ירושלמי,עין העמק 12
עכו, רז התורה ותקוות דוד,עדות המזרח,הנדיב 1
עכו,אהבה ואחווה,מרוקו,"רמח""ל 20"
עכו,"בית חב""ד עכו","חב""ד",דרך הארבעה 41
עכו,האשכנזי המרכזי,ספרד,ז´בוטינסקי 26
עכו,ישיבת ההסדר,ספרד,דושינצקי 1
עכו,כולל אברכים+בית כנסת תפילה לדוד,מרוקו,גיבורי סיני עכו 34
עכו,לעולי הקווקז,ספרד,הס 11
עכו,מרום ציון,מרוקו,אחד העם 19
עכו,"מרכז תורה ע""ש האדמו""ר הזקן עכו","חב""ד",דוד נוי 19
עכו,על-שם שמעון לוזון,יוצאי לוב (טריפוליטאים),יהודה הלוי 26
עלי,בית הכנסת במכינה,לפי החזן,השקד1
עלי,משכן עלי,ספרד,הנורית 2
עלי,תפילת משה ורחל,עדות המזרח,הורד 28
עפולה,"""בית יעקב""מיוצאי טוניס",תוניס,הקישון  1
עפולה,אהל ר´ יוסף,ספרד,בציר 3
עפולה,אהל שלמה,אשכנז,ראסל  27
עפולה,אחוות אחים,תימן שאמי,שיכון גאולים
עפולה,אחוות אחים,תימן שאמי,הקישון 11
עפולה,בית ישראל עץ חיים,תימן בלדי,הסוכנות היהודית  119
עפולה,גאולי ה´,,גורדון 15
עפולה,היכל אברהם - המרכזי הספרדי,עדות המזרח,יהושע חנקין 90
עפולה,היכל השבעה,עדות המזרח,האלה 17
עפולה,היכל חביב,ירושלמי,חבצלת  1
עפרה,מנין הפנס,אחיד,ההגנה 2
עץ אפרים,הוד והדר,ספרד,ברוש 12
ערד,בית יום טוב ליפמן,חסידי,חן 60
ערד,בית רחמים,עדות המזרח,שמעון 42
ערד,השחר,ספרד,אחווה 15
ערד,שובה ישראל שכונת גבים,עדות המזרח, יובל  40
עתלית,בית כנסת עתלית,לפי החזן, המבצר / שחף 22
פרדס חנה כרכור,"""האוהל""",לפי החזן,תחכמוני 4
פרדס חנה כרכור,אור ציון,תימן שאמי,יוסף קארו / קרן היסוד 1
פרדס חנה כרכור,"חב""ד","חב""ד",המדרשיה 10
פרדס חנה כרכור,קול יאודה,ירושלמי,מוריה 5 1
פרדסיה,נר לישראל,תימן שאמי,שבזי 2
פתח תקוה, דוד ושלמה,תימן שאמי,נורדאו 21
פתח תקוה,"""אוהל דן"" ליצאי איתיופיה",,הנרייטה סולד 44
פתח תקוה,"""אמרי יוסף""",עדות המזרח,דובנוב 8
פתח תקוה,אבי עזרי - חניכי הישיבות,אשכנז,ארלוזורוב 3
פתח תקוה,אהבת אחים,עדות המזרח,שמואל הנגיד 4
פתח תקוה,אהבת ישראל,ירושלמי,המלכים 11
פתח תקוה,"אוהל אברהם (שע""י בית אבות רקנאטי)",עדות המזרח,אינשטיין 23
פתח תקוה,אוהל יוסף,תימן בלדי,דוד רמז 52
פתח תקוה,אוהל יצחק,ספרד,"י""ד הבנים 66"
פתח תקוה,אוהל משה,עדות המזרח,"מזא""ה 3"
פתח תקוה,אוהל שלום,תימן שאמי,וינצקי 7
פתח תקוה,אולם אירועים,תימן שאמי,שלומציון  14
צור הדסה,בית הכנסת הר כתרון,עדות המזרח,הר כתרון 1
צפת,בית אהבה ותפילה,ספרד,ירושלים 77
קדומים,שטיבל ברויאר,,ברקת 1
קדימה,אוהל משה וזכריה,ספרד,הציפורים 10
קדימה,זכור לאברהם,מרוקו,"מ""ג 1"
קדימה,"קהילתי ""בית מנחם"" חב""ד","חב""ד",אברהם אביקסיס 6
קדרון,קדרון,ספרד,הזית 1
קיסריה,המרכזי קיסריה,אחיד,שדרות רוטשילד 101 ליד בית הספר
קלע,בית אל,אחיד,קלע 1
קצרין,אדיר במרום,עדות המזרח,מגדל  6
קצרין,תאיר שבת אחים,תימן בלדי,זויתן 71
קרית אונו,"אור מנחם - חב""ד","חב""ד",יהואש 10
קרית אונו,אור ציון,עדות המזרח,הרצל 34
קרית אונו,אמונה ודעת,תימן בלדי,חנה סנש 17
קרית אונו,בית הכנסת הגדול קיראון,ספרד,הגפן  14
קרית אונו,המרכזי,ספרד,וינגייט 22
קרית אונו,יד הרמבם,תימן בלדי,לוס אנג´לס  28
קרית אונו,נשלסק,אחיד,נחלת פינקס 13
קרית אונו,עדת ישורון,עדות המזרח,ירמיהו  3
קרית אונו,שילה,ספרד,פנקס 38
קרית אונו,שערי צדק,ספרד,הגפן 14
קרית ארבע,"""יחד שבטי ישראל""",,רחוב נחל אשכול מקלט 6
קרית ארבע,כינור דוד,תימן,יהושע בן נון 15
קרית ארבע,עץ חיים,תימן בלדי,בתלמוד תורה חברון
קרית אתא,אהל פנחס,חסידי,ירושלים 27
קרית אתא,אוהל יצחק,מרוקו,שלום עליכם  1
קרית אתא,אור החיים,ספרד,בית וגן 9
קרית אתא,איפרגן,מרוקו,פרישמן 19
קרית אתא,אליהו הנביא לעולי אשור,עדות המזרח,סוקולוב 57
קרית אתא,אליהו התשבי,עדות המזרח,יוספטל 10
קרית אתא,בית אל,עדות המזרח,הוגו מולר 48
קרית אתא,בית מנחם,"חב""ד",חנקין 20
קרית אתא,בית רבנו ע´´ש רבי נחמן מברסלב,עדות המזרח,העצמאות  10
קרית אתא,במעלות הגיבורים,ספרד,המייסדים 9
קרית אתא,היכל שלמה,ספרד,יהודה הלוי 7
קרית ביאליק,אביר יעקב,מרוקו,חרמון 1
קרית ביאליק,אהבת שלום,"חב""ד",שושנים 10
קרית ביאליק,"ביכ""נ ע""ש רבי עקיבא (מקלט",מרוקו,עצמאות  13
קרית ביאליק,"בית הכנסת לצעירים ""שבטי ישראל""",אחיד,השקדים 5
קרית ביאליק,בית מנחם,לפי החזן,לילך 11
קרית ביאליק,בית משה והתקווה,ספרד,הפטל  12
קרית ביאליק,דודאי ראובן,ספרד,העצמאות 13
קרית ביאליק,הדרת קודש,,שדרות בן גוריון 32
קרית ביאליק,נחלת אבות,עדות המזרח,הפלמח 10
קרית ביאליק,שבת אחים,ספרד,העלייה 1
קרית גת,(רבי דוד הלוי - דרע (גוזלן,מרוקו,המרגלית  60
קרית גת,אור אבנר,עדות המזרח, עין עקרבים 6
קרית גת,בית הכנסת המרכזי כרמי גת,עדות המזרח,נופך 2
קרית גת,"בית חב""ד","חב""ד",אהוד בן גרא  8
קרית גת,גרוס,עדות המזרח,אהוד בן גרא  3
קרית גת,הגדול קרית גת,אשכנז,אליהו הנביא 3
קרית חיים,המרכזי הספרדי - בית אל,עדות המזרח,הראשונים 108
קרית חיים,"חב""ד","חב""ד","אח""י אילת  15"
קרית חיים,משמרת צעירה,ספרד,שפירא 23
קרית טבעון,בית יעקב,מרוקו,גורדון 3
קרית טבעון,בית שערים,ספרד, זבולון 9
קרית טבעון,הלל,ספרד,יזרעאל 2
קרית טבעון,ספרדי,עדות המזרח,שרת 3
קרית ים,- בית כנסת לצעירים בני עקיבא משכן דוד,ספרד,אשר 1
קרית ים,אביר יעקוב,ספרד,אילנות 1
קרית ים,אליהו הנביא,מרוקו,יהודה הלוי 16
קרית ים,אשרי המאמין,,פנקס 1
קרית ים,היכל נתנאל,ספרד,יהודה הלוי 12
קרית ים,יעקוב ללשיוילי,עדות המזרח,ספיר 25
קרית ים,מגן אברהם,ספרד,תבור 13
קרית ים,משכן דוד,ספרד,אשר 1
קרית ים,עמותת תפארת ישראל,ספרד,הרברט להיימן  14
קרית ים,שערי משה,ספרד,להיימן 15
קרית ים,תהילה לדוד,מרוקו,הרצל  65
קרית ים,תלמוד תורה,תימן,החשמונאים  6
קרית יערים,ישיבת נוה ציון,אשכנז,הרב א. גורדון 141
קרית מוצקין,אהבת ישראל,מרוקו,חיבת ציון  2
קרית מוצקין,אש התורה שלי,עדות המזרח,חנה סנש - נתיב העליה 6
קרית מוצקין,בית הכנסת אשכנזי,ספרד,ציגל 22
קרית מוצקין,בית מנחם,ספרד,בן צבי 6
קרית מוצקין,גלית,ספרד,ציגל 22
קרית מוצקין,הלווים,מרוקו,דקר 72א
קרית מוצקין,"חב""ד ""מנחם לציון""","חב""ד",שדרות קרן קיימת 8
קרית מלאכי,גאולת ישראל,עדות המזרח,שדרות הרב ניסים 10
קרית מלאכי,"חב""ד- תפארת אליעזר","חב""ד",התאנה 3
קרית מלאכי,לעולי בבל הבן איש חי,עדות המזרח,הגליל 4
קרית מלאכי,שערי שמים,ירושלמי,בן גוריון 40
קרית ספר,קהילת אשכנז,אשכנז,חתם סופר 2
קרית עקרון,דרכי נועם,תימן,שלמה בן יוסף  23 23
קרית עקרון,שערי צדק,תימן,השקד  4
קרית עקרון,תפארת יוסף,עדות המזרח,דרך ירושלים 3
קרית שמואל,אליקים - אהרון הראה,ספרד,"הרא""ה 10"
קרית שמואל,בית הכנסת האשכנזי - הרומנים,ספרד,משה חיים שפירא 20
קרית שמואל,"חב""ד","חב""ד",בר אילן 1
קרית שמואל,"ישיבה ""הרמה""",ספרד,קדושי השואה 13
קרית שמואל,משכנות תפילה,,שטרן  8
קרית שמואל,נהריים,אשכנז,דב פרומר  25
קרית שמונה,אוהל יעקב,מרוקו,דן 14
קרית שמונה,אור תורה,תוניס,הרצל 26
קרית שמונה,אחוות לוחמים-מלון הצפון,ירושלמי,"טשרניחובסקי-מול ""אגד"" 1"
קרית שמונה,"בית חב""ד",לפי החזן,הלבנון 14
קרית שמונה,בן ציון,אשכנז,אורי אילן 21
קרית שמונה,ברסלב,עדות המזרח,הנשיא 7
קרית שמונה,הכנסת אורחים,ספרד,טרומפלדור 34
קרית שמונה,יד לאחים,עדות המזרח,ביאליק 27
קרית שמונה,יד לבנים,עדות המזרח,הרצל 39
קרית שמונה,ישורון,ירושלמי,הרצל 14
קרית שמונה,ישיבת ההסדר,ספרד,הרב הרצוג 10
קרני שומרון,תורת אבות,תימן, נווה מנחם-כלי שיר 0
ראש העין,"""היכל יד ושם""",תימן בלדי,גלוסקא 2
ראש העין,אדמון ספרא,אחיד,עין גדי 24
ראש העין,אהבת אחים,תימן שאמי,גלוסקא 1
ראש העין,אהבת ישראל,ספרד,יפה ירקוני 11
ראש העין,אוהל משה ועמנואל,תימן בלדי,דוד המלך 50
ראש העין,אחוות אחים,תימן שאמי,הרשש 0
ראש העין,אמת ושלום,תימן שאמי,חפץ חיים 6
ראש העין,אפיקי תימן,תימן,דרך הציונות 17
ראש העין,אפיריון שלמה,לפי החזן,חוגלה 11
ראש העין,דברי קהלת,תימן,אפק 25
ראש העין,הודו,לפי החזן,גון קנדי 25
ראש העין,זכור לאברהם,אשכנז,משה דיין 2
ראש פינה,"שבת אחים יחד, העתיק הספרדי",עדות המזרח,החלוצים 21
ראשון לציון,"""הר המוריה""",ספרד,יצחק שדה  9
ראשון לציון,אבניי החושן,ספרד,ה באיר 2
ראשון לציון,אברהם אבינו,עדות המזרח,נחמה 17
ראשון לציון,אדמונד ספרא,עדות המזרח,נווה דקלים 15
ראשון לציון,אהבת ציון,תימן,הנוטרים 17
ראשון לציון,אוהל אברהם ורחל,תימן בלדי,"רמב""ם  24"
ראשון לציון,אוהל רחל ויששכר אברהם,תימן שאמי,ריינס  8
ראשון לציון,אור החיים,צפון אפריקה,הסביון  4
ראשון לציון,אור החיים,מרוקו,ליד סביון 5 בתוך בית ספר מקיףה´
ראשון לציון,אור המיזרח,ספרד,החבצלת  19
ראשון לציון,אור זרוע,מרוקו,יעקב הכהן 34
ראשון לציון,אור חיים,מרוקו,שלמה המלך 5
ראשון לציון,אחדות ראשונים,אחיד,שרירא  21
ראשון לציון,איחוד שיבת ציון,אשכנז,כצנלסון 1
ראשון לציון,איחוד שיבת ציון - נווה שמואל,אשכנז,קפלן 4
ראשון לציון,ארץ חמדה,עדות המזרח,צג בנות 29
רבבה ישוב,רבבות אפרים,לפי החזן,נחל שילה 323
רחובות,אהבה ואחוה,ירושלמי,דרך יבנה 32
רחובות,אהבת ישראל,ספרד,חפץ חיים 26
רחובות,אהווה ואחחווה,ספרד,המעפיל 32
רחובות,אהל דבורה,ספרד,ההגנה 64
רחובות,אהל יצחק,תימן,יצחק משקה 7
רחובות,אהל שרה,אשכנז,בינימין 45
רחובות,אוהל יוסף,ספרד,יצחק משקה  8
רחובות,אוהל יוסף,תימן,זכריה מאדר 10
רחובות,אוהל יצחק,אחיד,"לח""י 36"
רחובות,אוהל ישראל,עדות המזרח,מגיני הגליל  47
רחובות,"אוהל ש""י",אשכנז,מלצר 9
רחובות,אוהל שושנה,תימן שאמי,יעקב מדהלה 19 19
רחלים,בית נחמיה,לפי החזן,רחלים 10
רכסים,אוהל יעקב - צנעני,תימן בלדי,הרב קוק 27
רכסים,אור דוד,עדות המזרח,הרקפות 5
רכסים,אור לציון,ירושלמי,הוורדים 7
רכסים,אורח החיים-דרייב,תימן שאמי,הגפן 25
רכסים,חניכי הישיבות - אוהל מלכה,אשכנז,חצב 3
רכסים,מאורות,אשכנז,דרך הרב 2
רכסים,שארית הפליטה,אשכנז,הכלניות 20
רכסים,שבת אחים,אשכנז,הוורדים 7
רמלה,אהל יצחק,עדות המזרח,גיבורי ישראל 13
רמלה,אוהל אברהם,עדות המזרח,בן צבי  20
רמלה,אוהל יוסף,עדות המזרח,אברהם הלל  7
רמלה,אוהל יעקב,,הלילך  3
רמלה,"בית יוסף ע""ש רבי יוסף קארו זצ''ל זיע''א ",עדות המזרח,ביאליק 48
רמלה,ברכת נוריאל,ספרד,הזית  4
רמלה,גאולה,ספרד,הרצל  31
רמלה,האהלה שרה,מרוקו,ביאליק  24
רמלה,היכל הבנים,מרוקו,האלונים 11
רמלה,חיזוק אמונה,,בן צבי  8
רמת אביב,בני עקיבא,ספרד,אופנהיימר (שכונת נווה אביבים) 5
רמת אביב,היכל חיים,עדות המזרח,אופנהיימר (שכונת נווה אביבים) 5
רמת אביב,הקהילה החדשה של רמת אביב,אשכנז,דניאל מוריץ 12
רמת אביב,"הרמב""ם",עדות המזרח,ברודצקי 21
רמת אביב,חבד,"חב""ד",טאגור 32
רמת אביב,מקור חיים,תימן,פיינשטיין 83
רמת אביב,משה וואהל,ספרד,בורלא (שיכון ל´) 25
רמת אביב,משכן אחים,תימן,ברודצקי 21
רמת אביב,נוה קדש,אשכנז,אופנהיימר (שכונת נווה אביבים) 5
רמת בית שמש,"""כלל ישראל""",ספרד,נחל רפאים 17
רמת בית שמש,אהבת שלום,אשכנז,נחל לכיש 33
רמת בית שמש,אור ברמה,עדות המזרח,נחל מטע  2
רמת בית שמש,אור שלום,אשכנז,נחל מאור 27
רמת בית שמש,אשל אברהם,מרוקו,נחל שורק 16
רמת בית שמש,בית תפילה יונה אברהם,אשכנז,נחל רפאים 34
רמת בית שמש,משכן שילה,אשכנז,נחל עין גדי 37
רמת בית שמש,נחלי הרמה,עדות המזרח,נחל קטלב 2
רמת בית שמש,נחלי תפילה,ספרד,נחל רפאים 1
רמת בית שמש,פני שמואל,אשכנז,נחל לוז  3
רמת בית שמש,קהילת אהבה ושמחה - קרליבך,ספרד,נחל דולב 70
רמת בית שמש,קהילת אהבת ציון,אשכנז,נחל תמנה 2
רמת בית שמש,קהילת טוהר לב ברמה,לפי החזן,נחל קטלב 1
רמת בית שמש,קהילת שבטי ישרון,אשכנז,נחל דולב 2
רמת בית שמש,רמת שלום,אשכנז,נחל דולב 43
רמת גן, ישיבת ההסדר רמת גן,ספרד,"אצ""ל 39"
רמת גן,"""נוסח אשכנז""",אשכנז,         ההלכה    9
רמת גן,אבא שלום שבזי,תימן,אחד העם  10
רמת גן,אגודת אלימלך,אחיד,אלימלך 7
רמת גן,אהבה ואחוה,עדות המזרח,מלכי צדק 9
רמת גן,אהבת אחים,עדות המזרח,באר אורה  15
רמת גן,אהל לאה,אחיד,הפודים  49
רמת גן,אהל רחל,עדות המזרח,תלפיות 19
רמת גן,אהל שמעון,יוצאי לוב (טריפוליטאים),הבילויים 44
רמת גן,אוהל יעקב,עדות המזרח,אהוד 8
רמת גן,אור ישרים,עדות המזרח,האם  14
רמת גן,אחוה ורעות,עדות המזרח,הדר 13
רמת גן,"אחים רמב""ם",תימן,סיירת דוכיפת 10
רמת גן,"אשל אברהם בביה""ס בן איש חיל",עדות המזרח,"אצ""ל 14"
רמת גן,בית איילון ביטוח,ספרד,אבא הילל 14
רמת השרון,בית אל,,אלחריזי 4
רמת השרון,בני עקיבא,עדות המזרח,יצחק שדה 39
רמת השרון,גאולת ישראל,אשכנז,רבנו תם 4
רמת השרון,היכל יוסף,אשכנז,יצחק אלחנן 7
רמת השרון,חבד.,"חב""ד",בית גוברין 7
רמת השרון,מורשת אבות,ספרד,הרב הרצוג 3
רמת השרון,מניין ישראל,אחיד,הבנים 46
רמת השרון,סגולה,תימן,נהרדעא 0
רמת השרון,סוכת שאול,עדות המזרח,רבנו תם 4
רמת השרון,עונג שבת,ספרד,השפלה  8
רמת השרון,פקר,ספרד,המרי 1
רמת השרון,רבנו תם,אשכנז,רבנו תם 4
רמת השרון,שבת אחים,ספרד,התרבות 8
רמת ישי,זכות השתיקה,לפי החזן,האלון 111
רמת פנקס,דאר סויד,עדות המזרח,"הרמ""א  42"
רמת פנקס,"עולי לוב ע""ש הרב לביא זיע""א",יוצאי לוב (טריפוליטאים),"הרמ""א  4"
רעננה,"""בית ארי """,עדות המזרח,הרצל 4
רעננה,אדמון ספרא - קהילת אחוות רעים,אחיד,הסייפן לב הפארק 10
רעננה,אהבת ציון,ספרד,הפלמח  15
רעננה,אוהל מועד,ספרד,"רמח""ל (בי""ס בסוף רחוב הר סיני) 13"
רעננה,אוהל מרדכי,עדות המזרח,אחוזה 80
רעננה,אוהל שלום,עדות המזרח,סעדיה גאון 1
רעננה,אור ישראל,ספרד,דוד רזיאל 2
רעננה,אל-עולם,עדות המזרח,רבוצקי  56
רעננה,אריאל,לפי החזן,ששת הימים 33
רעננה,"ביל""ו",תימן שאמי,פרץ 32
רעננה,בית הכנסת הגדול,ספרד,אחוזה 101
רעננה,"בית חב""ד ליובאוויטש רעננה","חב""ד",ברנר 1 פינת אחוזה 85
רעננה,בית חבד,"חב""ד",אחוזה 153
רעננה,בית יהודה,עדות המזרח,השוק 5
רעננה,בית ישראל,עדות המזרח,השרון 30
רעננה,"בית משיח - מרכז חב""ד","חב""ד",אחוזה  83
רעננה,בית-אל,עדות המזרח,קלאוזנר 5
שדה עוזיה,היכל ה,יוצאי לוב (טריפוליטאים),אין 71
שדמות מחולה,שדמות מחולה,לפי החזן,שדמות מחולה 0
שדרות,אהבת שמעון,ספרד,משעול זלמן שניאור 1
שדרות,אלקא דמאיר,לפי החזן,"רמב""ם 402"
שדרות,בין איש חי,ירושלמי,ברנר 3
שדרות,בן צבי,מרוקו,ניצן 1
שדרות,המרכזי תורה וחיים,מרוקו,הורד  1
שדרות,"חב""ד","חב""ד",חטיבת גבעתי 11
שדרות,חמודות דניאל,מרוקו,בלפור 6
שדרות,חנכי הישיבות,ירושלמי,השיטה  10
שדרות,יד אמיתי( מבורך),ספרד,האלה 1
שדרות,ישיבת הסדר- לב לדעת,לפי החזן,חטיבת גבעתי 35
שוהם,"חב""ד","חב""ד",עמק אילון 28
שוהם,מעלות נתן,ספרד,רח' המכבים 94
שוהם,מרכדי ספרדי,עדות המזרח,החרמון 1
שוהם,"נר ברוך ע""ש ברוך נסים בן יעקב ופולה",ספרד,הקשת פינת הדקל 2
שערי תקוה,עטרת מרדכי,ספרד,ספיר 24
שפים,מנין למנחה בחוצות שפיים,לפי החזן,חוצות שפיים קומה 4
שפיר,מרכזי שפיר,אחיד,החקלאי 20
שתולים,בית יעקב,תימן בלדי,הראשונים 10
תל אביב, עזריאלי שרונה,לפי החזן,מנחם בגין 121
תל אביב,"'סי אנד סאן' ע""ש משה אביב ז""ל",לפי החזן,הרצל רוזנבלום 6
תל אביב,"""בית - אהרון""",עדות המזרח,אבוהדרם  3
תל אביב,"""בית אל"" עולי משהד",ספרד,יהושע בן נון 63
תל אביב,"""עץ חיים""",תימן בלדי,טבריה 5
תל אביב,"""שבת אחים""",תימן בלדי,כרם התימנים רח´ קלישר  5
תל אביב,אב שלום,עדות המזרח,בוגרשוב 63
תל אביב,אבל אברהם,מרוקו,רוסלאן 5
תל אביב,"אדמורי""ם מהוסיאטין",לפי החזן,ביאליק 19
תל אביב,אהל שלום,עדות המזרח,התיבונים  3
תל אביב,אוהל אברהם שמואל ישיבת בית יוסף,ספרד,חרייף אייזק 23
תל אביב,אוהל יצחק,"חב""ד",חומה ומגדל 16
תל אביב,אוהל ישראל,ירושלמי,בן יהודה  159
תל אביב,אוהל לאה,ספרד,המשלטים 12
תל אביב,אוהל מועד,חסידי,שדייל 5
תל אביב,אוהל מועד,עדות המזרח,שדרות רוטשילד  5
תל יוסף,בית הכנסת של תל יוסף,אחיד,רבי נחמן מברסלב 1
תל מונד,בית הכנסת עש רבי נחמן ברסלב,עדות המזרח,האלון  18
תל מונד,בית כנסת,,צופית 17
תל מונד,מבשר ציון,ספרד,הצופית  23
תל מונד,תפארת ישראל,תימן שאמי,מצדה 12
תל ציון,בני הישיבות,ירושלמי,אהבת ישראל 11
